{"cameraMode":{"drawMode":0,"name":"Shaded","section":"Shading Mode"},"sceneLighting":true,"audioPlay":false,"sceneViewState":{"m_AlwaysRefresh":false,"showFog":true,"showSkybox":true,"showFlares":true,"showImageEffects":true,"showParticleSystems":true,"showVisualEffectGraphs":true,"m_FxEnabled":true},"in2DMode":false,"pivot":{"x":-4.932929992675781,"y":11.803041458129883,"z":5.989410877227783},"rotation":{"x":0.24715903401374818,"y":-0.0334201343357563,"z":0.008533799089491368,"w":0.9683651924133301},"size":16.389116287231447,"orthographic":false}