{"cameraMode":{"drawMode":0,"name":"Shaded","section":"Shading Mode"},"sceneLighting":true,"audioPlay":false,"sceneViewState":{"m_AlwaysRefresh":false,"showFog":true,"showSkybox":true,"showFlares":true,"showImageEffects":true,"showParticleSystems":true,"showVisualEffectGraphs":true,"m_FxEnabled":true},"in2DMode":false,"pivot":{"x":-44.19356918334961,"y":-69.80826568603516,"z":167.30990600585938},"rotation":{"x":0.19744563102722169,"y":-0.12460885941982269,"z":0.025317903608083726,"w":0.972044050693512},"size":112.95694732666016,"orthographic":false}